{
  "image": "admiregroove.png",
  "pixel": {
    "x": 185.625,
    "y": 999.9,
    "width": 717.75,
    "height": 680.6250000000001
  },
  "uv": {
    "x": 0.165,
    "y": 0.505,
    "width": 0.638,
    "height": 0.34375000000000006
  }
}