{
  "image": "admirevega.png",
  "pixel": {
    "x": 433.125,
    "y": 888.525,
    "width": 608.8499999999999,
    "height": 779.6250000000001
  },
  "uv": {
    "x": 0.385,
    "y": 0.44875,
    "width": 0.5411999999999999,
    "height": 0.39375000000000004
  }
}