{
  "image": "agnestachyon.png",
  "pixel": {
    "x": 309.375,
    "y": 1128.6,
    "width": 641.025,
    "height": 668.2500000000002
  },
  "uv": {
    "x": 0.275,
    "y": 0.57,
    "width": 0.5698,
    "height": 0.33750000000000013
  }
}