{
  "image": "airgroove.png",
  "pixel": {
    "x": 264.825,
    "y": 1054.35,
    "width": 638.55,
    "height": 655.8750000000002
  },
  "uv": {
    "x": 0.2354,
    "y": 0.5325,
    "width": 0.5676,
    "height": 0.3312500000000001
  }
}