{
  "image": "airmessiah.png",
  "pixel": {
    "x": 242.55,
    "y": 952.875,
    "width": 693.0,
    "height": 700.425
  },
  "uv": {
    "x": 0.2159839715048976,
    "y": 0.48125,
    "width": 0.6170970614425646,
    "height": 0.35374999999999995
  }
}