{
  "image": "airshakur.png",
  "pixel": {
    "x": 180.675,
    "y": 1140.975,
    "width": 742.5,
    "height": 670.7250000000001
  },
  "uv": {
    "x": 0.16060000000000002,
    "y": 0.5762499999999999,
    "width": 0.66,
    "height": 0.33875000000000005
  }
}