{
  "image": "almondeye.png",
  "pixel": {
    "x": 433.125,
    "y": 1032.075,
    "width": 524.7,
    "height": 603.9000000000001
  },
  "uv": {
    "x": 0.385,
    "y": 0.52125,
    "width": 0.46640000000000004,
    "height": 0.30500000000000005
  }
}