{
  "image": "astonmachan.png",
  "pixel": {
    "x": 405.90000000000003,
    "y": 1108.8,
    "width": 591.5250000000001,
    "height": 504.9000000000001
  },
  "uv": {
    "x": 0.3608,
    "y": 0.5599999999999999,
    "width": 0.5258,
    "height": 0.25500000000000006
  }
}