{
  "image": "bamboomemory.png",
  "pixel": {
    "x": 99.0,
    "y": 1022.1750000000001,
    "width": 653.4,
    "height": 715.275
  },
  "uv": {
    "x": 0.088,
    "y": 0.51625,
    "width": 0.5808,
    "height": 0.36125
  }
}