{
  "image": "believe.png",
  "pixel": {
    "x": 212.85,
    "y": 1002.375,
    "width": 742.5,
    "height": 608.8500000000001
  },
  "uv": {
    "x": 0.1892,
    "y": 0.50625,
    "width": 0.66,
    "height": 0.30750000000000005
  }
}