{
  "image": "bitterglasse.png",
  "pixel": {
    "x": 326.7,
    "y": 1133.55,
    "width": 690.5250000000001,
    "height": 618.75
  },
  "uv": {
    "x": 0.2904,
    "y": 0.5725,
    "width": 0.6138000000000001,
    "height": 0.3125
  }
}