{
  "image": "biwahayahide.png",
  "pixel": {
    "x": 591.525,
    "y": 994.95,
    "width": 533.475,
    "height": 707.8499999999999
  },
  "uv": {
    "x": 0.5257999999999999,
    "y": 0.5025000000000001,
    "width": 0.4742,
    "height": 0.35749999999999993
  }
}