{
  "image": "blastonepiece.png",
  "pixel": {
    "x": 202.95000000000002,
    "y": 930.6,
    "width": 982.05,
    "height": 658.35
  },
  "uv": {
    "x": 0.17126582278481015,
    "y": 0.47000000000000003,
    "width": 0.8287341772151898,
    "height": 0.3325
  }
}