{
  "image": "bubblegumfellow.png",
  "pixel": {
    "x": 428.175,
    "y": 935.5500000000001,
    "width": 643.5,
    "height": 782.1
  },
  "uv": {
    "x": 0.3806,
    "y": 0.47250000000000003,
    "width": 0.572,
    "height": 0.395
  }
}