{
  "image": "buenavista.png",
  "pixel": {
    "x": 141.075,
    "y": 1039.5,
    "width": 777.1500000000001,
    "height": 668.25
  },
  "uv": {
    "x": 0.12539999999999998,
    "y": 0.525,
    "width": 0.6908000000000001,
    "height": 0.3375
  }
}