{
  "image": "calstonelighto.png",
  "pixel": {
    "x": 0,
    "y": 1136.025,
    "width": 509.85,
    "height": 665.7749999999999
  },
  "uv": {
    "x": 0.0,
    "y": 0.5737500000000001,
    "width": 0.45320000000000005,
    "height": 0.33624999999999994
  }
}