{
  "image": "casinodrive.png",
  "pixel": {
    "x": 111.375,
    "y": 965.25,
    "width": 564.3000000000001,
    "height": 720.2250000000001
  },
  "uv": {
    "x": 0.099,
    "y": 0.4875,
    "width": 0.5016,
    "height": 0.3637500000000001
  }
}