{
  "image": "cesario.png",
  "pixel": {
    "x": 106.425,
    "y": 930.6,
    "width": 653.4000000000001,
    "height": 806.85
  },
  "uv": {
    "x": 0.09476847729296527,
    "y": 0.47000000000000003,
    "width": 0.5818343722172752,
    "height": 0.40750000000000003
  }
}