{
  "image": "chevalgrand.png",
  "pixel": {
    "x": 225.225,
    "y": 908.325,
    "width": 767.25,
    "height": 690.5250000000001
  },
  "uv": {
    "x": 0.2002,
    "y": 0.45875000000000005,
    "width": 0.682,
    "height": 0.34875000000000006
  }
}