{
  "image": "chronogenesis.png",
  "pixel": {
    "x": 195.525,
    "y": 1041.975,
    "width": 660.825,
    "height": 611.325
  },
  "uv": {
    "x": 0.1738,
    "y": 0.52625,
    "width": 0.5874,
    "height": 0.30875
  }
}