{
  "image": "copanorickey.png",
  "pixel": {
    "x": 217.8,
    "y": 1264.7250000000001,
    "width": 665.7750000000001,
    "height": 551.925
  },
  "uv": {
    "x": 0.19360000000000002,
    "y": 0.63875,
    "width": 0.5918000000000001,
    "height": 0.27875
  }
}