{
  "image": "currenbouquetdor.png",
  "pixel": {
    "x": 190.57500000000002,
    "y": 990.0,
    "width": 648.4499999999999,
    "height": 613.8
  },
  "uv": {
    "x": 0.16940000000000002,
    "y": 0.5,
    "width": 0.5763999999999999,
    "height": 0.31
  }
}