{
  "image": "currenchan.png",
  "pixel": {
    "x": 86.625,
    "y": 1024.65,
    "width": 546.975,
    "height": 621.2249999999999
  },
  "uv": {
    "x": 0.077,
    "y": 0.5175000000000001,
    "width": 0.4862,
    "height": 0.31375
  }
}