{
  "image": "daiichiruby.png",
  "pixel": {
    "x": 465.3,
    "y": 1126.125,
    "width": 492.52500000000003,
    "height": 628.6500000000001
  },
  "uv": {
    "x": 0.4136,
    "y": 0.56875,
    "width": 0.4378,
    "height": 0.31750000000000006
  }
}