{
  "image": "daitakuhelios.png",
  "pixel": {
    "x": 292.05,
    "y": 982.575,
    "width": 650.925,
    "height": 683.0999999999999
  },
  "uv": {
    "x": 0.2596,
    "y": 0.49625,
    "width": 0.5786,
    "height": 0.345
  }
}