{
  "image": "dantsuflame.png",
  "pixel": {
    "x": 0,
    "y": 910.8000000000001,
    "width": 594.0,
    "height": 799.4250000000001
  },
  "uv": {
    "x": 0.0,
    "y": 0.46,
    "width": 0.528,
    "height": 0.40375000000000005
  }
}