{
  "image": "daringtact.png",
  "pixel": {
    "x": 163.35,
    "y": 1284.525,
    "width": 358.875,
    "height": 430.64999999999986
  },
  "uv": {
    "x": 0.1452,
    "y": 0.64875,
    "width": 0.319,
    "height": 0.21749999999999994
  }
}