{
  "image": "daringheart.png",
  "pixel": {
    "x": 9.9,
    "y": 806.85,
    "width": 608.85,
    "height": 787.0500000000001
  },
  "uv": {
    "x": 0.008815672306322351,
    "y": 0.40750000000000003,
    "width": 0.5421638468388246,
    "height": 0.3975
  }
}