{
  "image": "dreamjourney.png",
  "pixel": {
    "x": 54.45,
    "y": 1259.775,
    "width": 388.57500000000005,
    "height": 430.64999999999986
  },
  "uv": {
    "x": 0.048400000000000006,
    "y": 0.6362500000000001,
    "width": 0.34540000000000004,
    "height": 0.21749999999999994
  }
}