{
  "image": "durandal.png",
  "pixel": {
    "x": 146.025,
    "y": 967.725,
    "width": 720.225,
    "height": 690.525
  },
  "uv": {
    "x": 0.1298,
    "y": 0.48875,
    "width": 0.6402,
    "height": 0.34875
  }
}