{
  "image": "duramente.png",
  "pixel": {
    "x": 195.525,
    "y": 1054.35,
    "width": 762.3000000000001,
    "height": 641.0250000000001
  },
  "uv": {
    "x": 0.1738,
    "y": 0.5325,
    "width": 0.6776000000000001,
    "height": 0.32375000000000004
  }
}