{
  "image": "eishinflash.png",
  "pixel": {
    "x": 289.575,
    "y": 1138.5,
    "width": 586.575,
    "height": 616.2750000000001
  },
  "uv": {
    "x": 0.25739999999999996,
    "y": 0.575,
    "width": 0.5214000000000001,
    "height": 0.31125
  }
}