{
  "image": "elcondorpasa.png",
  "pixel": {
    "x": 655.875,
    "y": 806.85,
    "width": 467.7750000000001,
    "height": 403.42500000000007
  },
  "uv": {
    "x": 0.583,
    "y": 0.40750000000000003,
    "width": 0.41580000000000006,
    "height": 0.20375000000000004
  }
}