{
  "image": "epiphaneia.png",
  "pixel": {
    "x": 388.575,
    "y": 1170.675,
    "width": 690.5249999999999,
    "height": 579.1500000000001
  },
  "uv": {
    "x": 0.3454,
    "y": 0.5912499999999999,
    "width": 0.6137999999999999,
    "height": 0.29250000000000004
  }
}