{
  "image": "espoircity.png",
  "pixel": {
    "x": 428.175,
    "y": 1009.8000000000001,
    "width": 504.90000000000003,
    "height": 735.0749999999999
  },
  "uv": {
    "x": 0.3806,
    "y": 0.51,
    "width": 0.44880000000000003,
    "height": 0.37124999999999997
  }
}