{
  "image": "fenomeno.png",
  "pixel": {
    "x": 175.725,
    "y": 960.3000000000001,
    "width": 871.1999999999999,
    "height": 613.8000000000001
  },
  "uv": {
    "x": 0.1562,
    "y": 0.48500000000000004,
    "width": 0.7744,
    "height": 0.31000000000000005
  }
}