{
  "image": "finemotion.png",
  "pixel": {
    "x": 7.425,
    "y": 982.575,
    "width": 549.45,
    "height": 546.9749999999999
  },
  "uv": {
    "x": 0.0066,
    "y": 0.49625,
    "width": 0.48840000000000006,
    "height": 0.27624999999999994
  }
}