{
  "image": "foreveryoung.png",
  "pixel": {
    "x": 178.20000000000002,
    "y": 1066.725,
    "width": 804.375,
    "height": 561.825
  },
  "uv": {
    "x": 0.1584,
    "y": 0.53875,
    "width": 0.715,
    "height": 0.28375
  }
}