{
  "image": "fujikiseki.png",
  "pixel": {
    "x": 193.05,
    "y": 1180.575,
    "width": 480.15000000000003,
    "height": 623.7
  },
  "uv": {
    "x": 0.1716,
    "y": 0.5962500000000001,
    "width": 0.4268,
    "height": 0.315
  }
}