{
  "image": "furioso.png",
  "pixel": {
    "x": 158.4,
    "y": 903.375,
    "width": 757.35,
    "height": 787.05
  },
  "uv": {
    "x": 0.1408,
    "y": 0.45625,
    "width": 0.6732,
    "height": 0.39749999999999996
  }
}