{
  "image": "gentildonna.png",
  "pixel": {
    "x": 497.475,
    "y": 933.075,
    "width": 465.29999999999995,
    "height": 556.875
  },
  "uv": {
    "x": 0.44220000000000004,
    "y": 0.47125,
    "width": 0.41359999999999997,
    "height": 0.28125
  }
}