{
  "image": "goldship.png",
  "pixel": {
    "x": 524.7,
    "y": 1418.175,
    "width": 381.15,
    "height": 321.75
  },
  "uv": {
    "x": 0.46640000000000004,
    "y": 0.7162499999999999,
    "width": 0.3388,
    "height": 0.1625
  }
}