{
  "image": "goldcity.png",
  "pixel": {
    "x": 534.6,
    "y": 933.075,
    "width": 564.3000000000001,
    "height": 606.375
  },
  "uv": {
    "x": 0.4752,
    "y": 0.47125,
    "width": 0.5016,
    "height": 0.30625
  }
}