{
  "image": "granalegria.png",
  "pixel": {
    "x": 101.47500000000001,
    "y": 923.1750000000001,
    "width": 554.4,
    "height": 658.35
  },
  "uv": {
    "x": 0.0902,
    "y": 0.46625000000000005,
    "width": 0.49279999999999996,
    "height": 0.3325
  }
}