{
  "image": "grasswonder.png",
  "pixel": {
    "x": 334.125,
    "y": 1126.125,
    "width": 631.125,
    "height": 591.5250000000001
  },
  "uv": {
    "x": 0.297,
    "y": 0.56875,
    "width": 0.561,
    "height": 0.29875000000000007
  }
}