{
  "image": "happymeek.png",
  "pixel": {
    "x": 198.0,
    "y": 1316.7,
    "width": 287.1,
    "height": 363.82500000000005
  },
  "uv": {
    "x": 0.176,
    "y": 0.665,
    "width": 0.25520000000000004,
    "height": 0.18375000000000002
  }
}