{
  "image": "haruurara.png",
  "pixel": {
    "x": 435.6,
    "y": 1116.225,
    "width": 566.775,
    "height": 549.45
  },
  "uv": {
    "x": 0.38720000000000004,
    "y": 0.56375,
    "width": 0.5038,
    "height": 0.2775
  }
}