{
  "image": "hishimiracle.png",
  "pixel": {
    "x": 163.35,
    "y": 1074.15,
    "width": 705.375,
    "height": 670.7249999999999
  },
  "uv": {
    "x": 0.1452,
    "y": 0.5425000000000001,
    "width": 0.627,
    "height": 0.33874999999999994
  }
}