{
  "image": "hishiakebono.png",
  "pixel": {
    "x": 37.125,
    "y": 710.325,
    "width": 527.175,
    "height": 443.02499999999986
  },
  "uv": {
    "x": 0.033,
    "y": 0.35875,
    "width": 0.46859999999999996,
    "height": 0.22374999999999992
  }
}