{
  "image": "hishiamazon.png",
  "pixel": {
    "x": 198.0,
    "y": 1106.325,
    "width": 465.30000000000007,
    "height": 542.0250000000001
  },
  "uv": {
    "x": 0.176,
    "y": 0.55875,
    "width": 0.4136000000000001,
    "height": 0.27375000000000005
  }
}