{
  "image": "inarione.png",
  "pixel": {
    "x": 123.75,
    "y": 1148.4,
    "width": 435.6,
    "height": 480.14999999999986
  },
  "uv": {
    "x": 0.11,
    "y": 0.5800000000000001,
    "width": 0.38720000000000004,
    "height": 0.24249999999999994
  }
}