{
  "image": "inesfujin.png",
  "pixel": {
    "x": 0,
    "y": 851.4,
    "width": 529.65,
    "height": 749.9250000000001
  },
  "uv": {
    "x": 0.0,
    "y": 0.43,
    "width": 0.4708,
    "height": 0.37875000000000003
  }
}