{
  "image": "junglepocket.png",
  "pixel": {
    "x": 408.375,
    "y": 992.475,
    "width": 579.15,
    "height": 601.4250000000001
  },
  "uv": {
    "x": 0.363,
    "y": 0.50125,
    "width": 0.5147999999999999,
    "height": 0.30375
  }
}