{
  "image": "katsuragiace.png",
  "pixel": {
    "x": 131.175,
    "y": 935.5500000000001,
    "width": 581.625,
    "height": 737.5500000000001
  },
  "uv": {
    "x": 0.11660000000000001,
    "y": 0.47250000000000003,
    "width": 0.517,
    "height": 0.37250000000000005
  }
}