{
  "image": "kawakamiprincess.png",
  "pixel": {
    "x": 410.85,
    "y": 1232.55,
    "width": 405.9,
    "height": 594.0
  },
  "uv": {
    "x": 0.3652,
    "y": 0.6224999999999999,
    "width": 0.36079999999999995,
    "height": 0.3
  }
}