{
  "image": "kinghalo.png",
  "pixel": {
    "x": 542.025,
    "y": 952.875,
    "width": 522.225,
    "height": 702.9000000000001
  },
  "uv": {
    "x": 0.4818,
    "y": 0.48125,
    "width": 0.4642,
    "height": 0.35500000000000004
  }
}