{
  "image": "kiseki.png",
  "pixel": {
    "x": 160.875,
    "y": 1202.85,
    "width": 532.125,
    "height": 472.72500000000014
  },
  "uv": {
    "x": 0.143,
    "y": 0.6074999999999999,
    "width": 0.473,
    "height": 0.23875000000000007
  }
}