{
  "image": "kitasanblack.png",
  "pixel": {
    "x": 81.675,
    "y": 910.8000000000001,
    "width": 507.37499999999994,
    "height": 801.9
  },
  "uv": {
    "x": 0.0726,
    "y": 0.46,
    "width": 0.45099999999999996,
    "height": 0.40499999999999997
  }
}