{
  "image": "ksmiracle.png",
  "pixel": {
    "x": 477.675,
    "y": 1180.575,
    "width": 450.45,
    "height": 641.0250000000001
  },
  "uv": {
    "x": 0.42460000000000003,
    "y": 0.5962500000000001,
    "width": 0.4004,
    "height": 0.32375000000000004
  }
}