{
  "image": "lighthello.png",
  "pixel": {
    "x": 215.32500000000002,
    "y": 1089.0,
    "width": 645.975,
    "height": 643.5
  },
  "uv": {
    "x": 0.19140000000000001,
    "y": 0.55,
    "width": 0.5742,
    "height": 0.325
  }
}