{
  "image": "littlecocon.png",
  "pixel": {
    "x": 146.025,
    "y": 1032.075,
    "width": 767.25,
    "height": 744.9749999999999
  },
  "uv": {
    "x": 0.1298,
    "y": 0.52125,
    "width": 0.682,
    "height": 0.37625
  }
}