{
  "image": "lovesonlyyou.png",
  "pixel": {
    "x": 133.65,
    "y": 1079.1,
    "width": 722.7,
    "height": 499.95000000000005
  },
  "uv": {
    "x": 0.1188,
    "y": 0.5449999999999999,
    "width": 0.6424000000000001,
    "height": 0.2525
  }
}