{
  "image": "marchelorraine.png",
  "pixel": {
    "x": 178.20000000000002,
    "y": 1200.375,
    "width": 467.775,
    "height": 544.5
  },
  "uv": {
    "x": 0.1584,
    "y": 0.60625,
    "width": 0.4158,
    "height": 0.275
  }
}