{
  "image": "maruzensky.png",
  "pixel": {
    "x": 353.925,
    "y": 1185.525,
    "width": 603.9000000000001,
    "height": 589.05
  },
  "uv": {
    "x": 0.3146,
    "y": 0.59875,
    "width": 0.5368,
    "height": 0.2975
  }
}