{
  "image": "marveloussunday.png",
  "pixel": {
    "x": 611.325,
    "y": 913.275,
    "width": 455.39999999999986,
    "height": 485.1
  },
  "uv": {
    "x": 0.5434,
    "y": 0.46125,
    "width": 0.4047999999999999,
    "height": 0.24500000000000002
  }
}