{
  "image": "matikanetannhauser.png",
  "pixel": {
    "x": 12.375,
    "y": 905.85,
    "width": 581.625,
    "height": 581.6250000000001
  },
  "uv": {
    "x": 0.011,
    "y": 0.4575,
    "width": 0.517,
    "height": 0.29375000000000007
  }
}