{
  "image": "mayanotopgun.png",
  "pixel": {
    "x": 66.825,
    "y": 1202.85,
    "width": 287.1,
    "height": 297.0000000000002
  },
  "uv": {
    "x": 0.0594,
    "y": 0.6074999999999999,
    "width": 0.25520000000000004,
    "height": 0.1500000000000001
  }
}