{
  "image": "meishodoto.png",
  "pixel": {
    "x": 170.775,
    "y": 898.4250000000001,
    "width": 373.725,
    "height": 735.0749999999999
  },
  "uv": {
    "x": 0.15180000000000002,
    "y": 0.45375000000000004,
    "width": 0.3322,
    "height": 0.37124999999999997
  }
}