{
  "image": "mejiropalmer.png",
  "pixel": {
    "x": 242.55,
    "y": 1150.875,
    "width": 574.2,
    "height": 507.375
  },
  "uv": {
    "x": 0.2156,
    "y": 0.58125,
    "width": 0.5104000000000001,
    "height": 0.25625
  }
}