{
  "image": "mejiroardan.png",
  "pixel": {
    "x": 71.775,
    "y": 1220.175,
    "width": 460.35,
    "height": 522.2250000000001
  },
  "uv": {
    "x": 0.06380000000000001,
    "y": 0.61625,
    "width": 0.4092,
    "height": 0.2637500000000001
  }
}