{
  "image": "mejiroryan.png",
  "pixel": {
    "x": 220.275,
    "y": 1165.725,
    "width": 613.8000000000001,
    "height": 480.1500000000001
  },
  "uv": {
    "x": 0.1958,
    "y": 0.58875,
    "width": 0.5456000000000001,
    "height": 0.24250000000000005
  }
}