{
  "image": "mejiromcqueen.png",
  "pixel": {
    "x": 566.775,
    "y": 1158.3,
    "width": 381.1500000000001,
    "height": 566.7750000000001
  },
  "uv": {
    "x": 0.5038,
    "y": 0.585,
    "width": 0.3388000000000001,
    "height": 0.28625000000000006
  }
}