{
  "image": "mejirobright.png",
  "pixel": {
    "x": 586.575,
    "y": 992.475,
    "width": 314.32499999999993,
    "height": 688.0500000000001
  },
  "uv": {
    "x": 0.5214000000000001,
    "y": 0.50125,
    "width": 0.2793999999999999,
    "height": 0.34750000000000003
  }
}