{
  "image": "mihonobourbon.png",
  "pixel": {
    "x": 591.525,
    "y": 985.0500000000001,
    "width": 368.7750000000001,
    "height": 754.8749999999999
  },
  "uv": {
    "x": 0.5257999999999999,
    "y": 0.49750000000000005,
    "width": 0.3278000000000001,
    "height": 0.3812499999999999
  }
}