{
  "image": "nakayamafesta.png",
  "pixel": {
    "x": 628.65,
    "y": 965.25,
    "width": 331.6500000000001,
    "height": 762.3
  },
  "uv": {
    "x": 0.5588,
    "y": 0.4875,
    "width": 0.29480000000000006,
    "height": 0.38499999999999995
  }
}