{
  "image": "naritataishin.png",
  "pixel": {
    "x": 393.52500000000003,
    "y": 1272.15,
    "width": 544.5,
    "height": 497.4749999999999
  },
  "uv": {
    "x": 0.34980000000000006,
    "y": 0.6425000000000001,
    "width": 0.484,
    "height": 0.25125
  }
}