{
  "image": "neouniverse.png",
  "pixel": {
    "x": 598.95,
    "y": 985.0500000000001,
    "width": 341.54999999999995,
    "height": 707.85
  },
  "uv": {
    "x": 0.5324000000000001,
    "y": 0.49750000000000005,
    "width": 0.3036,
    "height": 0.3575
  }
}