{
  "image": "nicenature.png",
  "pixel": {
    "x": 618.75,
    "y": 950.4,
    "width": 339.07500000000005,
    "height": 752.4
  },
  "uv": {
    "x": 0.55,
    "y": 0.48,
    "width": 0.30140000000000006,
    "height": 0.38
  }
}