{
  "image": "nishinoflower.png",
  "pixel": {
    "x": 232.65,
    "y": 1111.275,
    "width": 259.875,
    "height": 554.3999999999999
  },
  "uv": {
    "x": 0.2068,
    "y": 0.56125,
    "width": 0.231,
    "height": 0.2799999999999999
  }
}