{
  "image": "noreason.png",
  "pixel": {
    "x": 425.7,
    "y": 965.25,
    "width": 596.4750000000001,
    "height": 650.925
  },
  "uv": {
    "x": 0.3784,
    "y": 0.4875,
    "width": 0.5302000000000001,
    "height": 0.32875
  }
}