{
  "image": "northflight.png",
  "pixel": {
    "x": 138.6,
    "y": 1178.1,
    "width": 841.5,
    "height": 475.20000000000005
  },
  "uv": {
    "x": 0.12319999999999999,
    "y": 0.595,
    "width": 0.748,
    "height": 0.24000000000000002
  }
}