{
  "image": "oguricap.png",
  "pixel": {
    "x": 222.75,
    "y": 1093.95,
    "width": 408.375,
    "height": 695.4749999999999
  },
  "uv": {
    "x": 0.198,
    "y": 0.5525,
    "width": 0.363,
    "height": 0.35124999999999995
  }
}