{
  "image": "orfevre.png",
  "pixel": {
    "x": 198.0,
    "y": 1022.1750000000001,
    "width": 487.57500000000005,
    "height": 725.1750000000001
  },
  "uv": {
    "x": 0.176,
    "y": 0.51625,
    "width": 0.43340000000000006,
    "height": 0.36625
  }
}