{
  "image": "reddesire.png",
  "pixel": {
    "x": 178.20000000000002,
    "y": 1244.925,
    "width": 287.1,
    "height": 413.32500000000005
  },
  "uv": {
    "x": 0.1584,
    "y": 0.62875,
    "width": 0.25520000000000004,
    "height": 0.20875000000000002
  }
}