{
  "image": "rheinkraft.png",
  "pixel": {
    "x": 576.675,
    "y": 970.2,
    "width": 393.5250000000001,
    "height": 559.3499999999999
  },
  "uv": {
    "x": 0.5135129118432769,
    "y": 0.49000000000000005,
    "width": 0.3504229741763135,
    "height": 0.2825
  }
}