{
  "image": "riceshower.png",
  "pixel": {
    "x": 299.475,
    "y": 1294.425,
    "width": 608.85,
    "height": 487.57500000000005
  },
  "uv": {
    "x": 0.26620000000000005,
    "y": 0.6537499999999999,
    "width": 0.5412,
    "height": 0.24625000000000002
  }
}