{
  "image": "rosekingdom.png",
  "pixel": {
    "x": 108.9,
    "y": 1027.125,
    "width": 433.125,
    "height": 638.55
  },
  "uv": {
    "x": 0.09680000000000001,
    "y": 0.51875,
    "width": 0.385,
    "height": 0.32249999999999995
  }
}