{
  "image": "royceandroyce.png",
  "pixel": {
    "x": 589.05,
    "y": 970.2,
    "width": 334.1250000000001,
    "height": 685.575
  },
  "uv": {
    "x": 0.5236,
    "y": 0.49000000000000005,
    "width": 0.2970000000000001,
    "height": 0.34625
  }
}