{
  "image": "rulership.png",
  "pixel": {
    "x": 348.975,
    "y": 965.25,
    "width": 628.65,
    "height": 542.0250000000001
  },
  "uv": {
    "x": 0.31020000000000003,
    "y": 0.4875,
    "width": 0.5588,
    "height": 0.27375000000000005
  }
}