{
  "image": "sakurachiyonoo.png",
  "pixel": {
    "x": 232.65,
    "y": 975.15,
    "width": 581.625,
    "height": 737.5500000000001
  },
  "uv": {
    "x": 0.2068,
    "y": 0.4925,
    "width": 0.517,
    "height": 0.37250000000000005
  }
}