{
  "image": "sakurachitoseo.png",
  "pixel": {
    "x": 534.6,
    "y": 1111.275,
    "width": 465.29999999999995,
    "height": 569.25
  },
  "uv": {
    "x": 0.4752,
    "y": 0.56125,
    "width": 0.41359999999999997,
    "height": 0.2875
  }
}