{
  "image": "sakuralaurel.png",
  "pixel": {
    "x": 212.85,
    "y": 1227.6,
    "width": 440.54999999999995,
    "height": 569.2500000000002
  },
  "uv": {
    "x": 0.1892,
    "y": 0.62,
    "width": 0.39159999999999995,
    "height": 0.2875000000000001
  }
}