{
  "image": "sakurabakushino.png",
  "pixel": {
    "x": 594.0,
    "y": 945.45,
    "width": 502.42499999999995,
    "height": 663.3
  },
  "uv": {
    "x": 0.528,
    "y": 0.47750000000000004,
    "width": 0.44659999999999994,
    "height": 0.33499999999999996
  }
}