{
  "image": "samsonbig.png",
  "pixel": {
    "x": 584.1,
    "y": 861.3000000000001,
    "width": 455.4,
    "height": 462.82499999999993
  },
  "uv": {
    "x": 0.5192,
    "y": 0.43500000000000005,
    "width": 0.4048,
    "height": 0.23374999999999996
  }
}