{
  "image": "satonodiamond.png",
  "pixel": {
    "x": 170.775,
    "y": 1150.875,
    "width": 784.575,
    "height": 556.875
  },
  "uv": {
    "x": 0.15180000000000002,
    "y": 0.58125,
    "width": 0.6974,
    "height": 0.28125
  }
}