{
  "image": "satonocrown.png",
  "pixel": {
    "x": 168.3,
    "y": 1202.85,
    "width": 603.9000000000001,
    "height": 514.8000000000002
  },
  "uv": {
    "x": 0.1496,
    "y": 0.6074999999999999,
    "width": 0.5368,
    "height": 0.26000000000000006
  }
}