{
  "image": "seekingthepearl.png",
  "pixel": {
    "x": 240.07500000000002,
    "y": 1207.8,
    "width": 477.67499999999995,
    "height": 594.0
  },
  "uv": {
    "x": 0.2134,
    "y": 0.61,
    "width": 0.4246,
    "height": 0.3
  }
}