{
  "image": "seiunsky.png",
  "pixel": {
    "x": 509.85,
    "y": 1032.075,
    "width": 532.1249999999999,
    "height": 697.95
  },
  "uv": {
    "x": 0.45320000000000005,
    "y": 0.52125,
    "width": 0.4729999999999999,
    "height": 0.35250000000000004
  }
}