{
  "image": "shinkowindy.png",
  "pixel": {
    "x": 460.35,
    "y": 1004.85,
    "width": 564.3000000000001,
    "height": 816.7500000000001
  },
  "uv": {
    "x": 0.4092,
    "y": 0.5075000000000001,
    "width": 0.5016,
    "height": 0.41250000000000003
  }
}