{
  "image": "silencesuzuka.png",
  "pixel": {
    "x": 537.075,
    "y": 1173.15,
    "width": 336.6,
    "height": 636.075
  },
  "uv": {
    "x": 0.47740000000000005,
    "y": 0.5925,
    "width": 0.2992,
    "height": 0.32125000000000004
  }
}