{
  "image": "siriussymboli.png",
  "pixel": {
    "x": 141.075,
    "y": 1051.875,
    "width": 918.2249999999999,
    "height": 670.7250000000001
  },
  "uv": {
    "x": 0.12539999999999998,
    "y": 0.53125,
    "width": 0.8161999999999999,
    "height": 0.33875000000000005
  }
}