{
  "image": "smartfalcon.png",
  "pixel": {
    "x": 287.1,
    "y": 1247.4,
    "width": 475.20000000000005,
    "height": 475.20000000000005
  },
  "uv": {
    "x": 0.25520000000000004,
    "y": 0.63,
    "width": 0.42240000000000005,
    "height": 0.24000000000000002
  }
}