{
  "image": "specialweek.png",
  "pixel": {
    "x": 287.1,
    "y": 1178.1,
    "width": 633.6,
    "height": 596.4750000000001
  },
  "uv": {
    "x": 0.25520000000000004,
    "y": 0.595,
    "width": 0.5632,
    "height": 0.3012500000000001
  }
}