{
  "image": "staygold.png",
  "pixel": {
    "x": 96.525,
    "y": 1071.675,
    "width": 487.57500000000005,
    "height": 532.125
  },
  "uv": {
    "x": 0.0858,
    "y": 0.54125,
    "width": 0.43340000000000006,
    "height": 0.26875
  }
}