{
  "image": "stillinlove.png",
  "pixel": {
    "x": 269.775,
    "y": 960.3000000000001,
    "width": 730.125,
    "height": 690.525
  },
  "uv": {
    "x": 0.23979999999999999,
    "y": 0.48500000000000004,
    "width": 0.649,
    "height": 0.34875
  }
}