{
  "image": "supercreek.png",
  "pixel": {
    "x": 230.175,
    "y": 1319.175,
    "width": 289.575,
    "height": 445.5
  },
  "uv": {
    "x": 0.2046,
    "y": 0.66625,
    "width": 0.25739999999999996,
    "height": 0.225
  }
}