{
  "image": "sweeptosho.png",
  "pixel": {
    "x": 460.35,
    "y": 1205.325,
    "width": 438.07500000000005,
    "height": 584.0999999999999
  },
  "uv": {
    "x": 0.4092,
    "y": 0.60875,
    "width": 0.3894,
    "height": 0.29499999999999993
  }
}