{
  "image": "symbolikriss.png",
  "pixel": {
    "x": 371.25,
    "y": 1269.675,
    "width": 589.0500000000001,
    "height": 455.4000000000001
  },
  "uv": {
    "x": 0.33,
    "y": 0.64125,
    "width": 0.5236000000000001,
    "height": 0.23000000000000004
  }
}