{
  "image": "taikishuttle.png",
  "pixel": {
    "x": 534.6,
    "y": 876.15,
    "width": 487.57500000000005,
    "height": 814.275
  },
  "uv": {
    "x": 0.4752,
    "y": 0.4425,
    "width": 0.43340000000000006,
    "height": 0.41125
  }
}