{
  "image": "tamamocross.png",
  "pixel": {
    "x": 301.95,
    "y": 1170.675,
    "width": 529.6500000000001,
    "height": 586.575
  },
  "uv": {
    "x": 0.26839999999999997,
    "y": 0.5912499999999999,
    "width": 0.4708000000000001,
    "height": 0.29625
  }
}