{
  "image": "taninogimlet.png",
  "pixel": {
    "x": 86.625,
    "y": 962.775,
    "width": 497.475,
    "height": 678.15
  },
  "uv": {
    "x": 0.077,
    "y": 0.48625,
    "width": 0.44220000000000004,
    "height": 0.34249999999999997
  }
}