{
  "image": "tapdancecity.png",
  "pixel": {
    "x": 27.225,
    "y": 843.975,
    "width": 490.04999999999995,
    "height": 742.5000000000001
  },
  "uv": {
    "x": 0.024200000000000003,
    "y": 0.42625,
    "width": 0.4356,
    "height": 0.37500000000000006
  }
}