{
  "image": "tmoperao.png",
  "pixel": {
    "x": 430.65000000000003,
    "y": 1188.0,
    "width": 329.175,
    "height": 655.875
  },
  "uv": {
    "x": 0.38280000000000003,
    "y": 0.6,
    "width": 0.2926,
    "height": 0.33125
  }
}