{
  "image": "tokaiteio.png",
  "pixel": {
    "x": 301.95,
    "y": 1116.225,
    "width": 334.12500000000006,
    "height": 542.0250000000001
  },
  "uv": {
    "x": 0.26839999999999997,
    "y": 0.56375,
    "width": 0.29700000000000004,
    "height": 0.27375000000000005
  }
}