{
  "image": "tosenjordan.png",
  "pixel": {
    "x": 492.52500000000003,
    "y": 1091.475,
    "width": 358.87499999999994,
    "height": 685.575
  },
  "uv": {
    "x": 0.4378,
    "y": 0.5512499999999999,
    "width": 0.31899999999999995,
    "height": 0.34625
  }
}