{
  "image": "transcend.png",
  "pixel": {
    "x": 537.075,
    "y": 1160.775,
    "width": 371.25,
    "height": 344.02499999999986
  },
  "uv": {
    "x": 0.47740000000000005,
    "y": 0.58625,
    "width": 0.33,
    "height": 0.17374999999999993
  }
}