{
  "image": "tsurumarutsuyoshi.png",
  "pixel": {
    "x": 542.025,
    "y": 957.825,
    "width": 361.35,
    "height": 752.4000000000001
  },
  "uv": {
    "x": 0.4818,
    "y": 0.48375,
    "width": 0.32120000000000004,
    "height": 0.38000000000000006
  }
}