{
  "image": "twinturbo.png",
  "pixel": {
    "x": 398.475,
    "y": 1267.2,
    "width": 378.67499999999995,
    "height": 554.4000000000001
  },
  "uv": {
    "x": 0.342921686746988,
    "y": 0.64,
    "width": 0.3258820998278829,
    "height": 0.28
  }
}