{
  "image": "verxina.png",
  "pixel": {
    "x": 539.55,
    "y": 965.25,
    "width": 386.1,
    "height": 715.2750000000001
  },
  "uv": {
    "x": 0.47959999999999997,
    "y": 0.4875,
    "width": 0.3432,
    "height": 0.36125000000000007
  }
}