{
  "image": "victoirepisa.png",
  "pixel": {
    "x": 207.9,
    "y": 1197.9,
    "width": 628.6500000000001,
    "height": 527.175
  },
  "uv": {
    "x": 0.1848,
    "y": 0.6050000000000001,
    "width": 0.5588000000000001,
    "height": 0.26625
  }
}