{
  "image": "vivlos.png",
  "pixel": {
    "x": 247.5,
    "y": 970.2,
    "width": 344.025,
    "height": 613.8
  },
  "uv": {
    "x": 0.22,
    "y": 0.49000000000000005,
    "width": 0.30579999999999996,
    "height": 0.31
  }
}