{
  "image": "vodka.png",
  "pixel": {
    "x": 584.1,
    "y": 975.15,
    "width": 405.9,
    "height": 564.3000000000001
  },
  "uv": {
    "x": 0.5192,
    "y": 0.4925,
    "width": 0.36079999999999995,
    "height": 0.28500000000000003
  }
}