{
  "image": "winningticket.png",
  "pixel": {
    "x": 0,
    "y": 910.8000000000001,
    "width": 584.1,
    "height": 670.725
  },
  "uv": {
    "x": 0.0,
    "y": 0.46,
    "width": 0.5192,
    "height": 0.33875
  }
}