{
  "image": "wonderacute.png",
  "pixel": {
    "x": 252.45000000000002,
    "y": 1002.375,
    "width": 641.025,
    "height": 693.0
  },
  "uv": {
    "x": 0.22440000000000002,
    "y": 0.50625,
    "width": 0.5698,
    "height": 0.35
  }
}