{
  "image": "yaenomuteki.png",
  "pixel": {
    "x": 551.925,
    "y": 923.1750000000001,
    "width": 465.30000000000007,
    "height": 742.4999999999999
  },
  "uv": {
    "x": 0.4906,
    "y": 0.46625000000000005,
    "width": 0.4136000000000001,
    "height": 0.37499999999999994
  }
}