{
  "image": "yamaninzephyr.png",
  "pixel": {
    "x": 279.675,
    "y": 1195.425,
    "width": 608.8499999999999,
    "height": 524.7
  },
  "uv": {
    "x": 0.24860000000000002,
    "y": 0.60375,
    "width": 0.5411999999999999,
    "height": 0.265
  }
}