{
  "image": "yukinobijin.png",
  "pixel": {
    "x": 180.675,
    "y": 1227.6,
    "width": 519.75,
    "height": 576.6750000000002
  },
  "uv": {
    "x": 0.16060000000000002,
    "y": 0.62,
    "width": 0.462,
    "height": 0.29125000000000006
  }
}