{
  "image": "zennorobroy.png",
  "pixel": {
    "x": 574.2,
    "y": 1074.15,
    "width": 326.69999999999993,
    "height": 641.0249999999999
  },
  "uv": {
    "x": 0.5104000000000001,
    "y": 0.5425000000000001,
    "width": 0.29039999999999994,
    "height": 0.3237499999999999
  }
}